"2019 Draft Class sorted by Points Per Game, Top Ten.  2019 Draft Class||||||||||||| :--|:--|:--|:--|:--|:--|:--|:--|:--|:--|:--|:--|:--| Name|Pick|g|m/g|p/g|3/g|r/g|a/g|s/g|b/g|fg%|ft%|to/g Zion Williamson|2019(Pick 1)|18|32.8|23.5|0.2|7.6|2.3|1.1|0.7|.581|.677|2.7 Ja Morant|2019(Pick 2)|7|27.9|20.7|0.9|2.1|7.7|1.0|0.4|.539|.806|3.3	 R.J. Barrett|2019(Pick 3)|22|36.0|17.8|1.0|6.5|3.3|0.8|0.2|.430|.758|2.0 De'Andre Hunter|2019(Pick 4)|18|32.2|17.2|1.7|5.4|2.2|0.9|0.5|.509|.877|1.4 Tyler Herro|2019(Pick 13)|13|34.0|17.0|1.7|6.5|4.2|0.5|0.2|.446|.786|2.9 Darius Garland|2019(Pick 5)|13|32.0|15.6|1.8|2.6|5.5|1.0|0.2|.444|.905|2.8 Coby White|2019(Pick 7)|19|33.9|15.4|2.3|4.8|5.7|0.4|0.1|.407|.867|2.7 Keldon Johnson|2019(Pick 29)|21|30.7|15.0|1.0|7.5|2.2|0.9|0.6|.483|.788|1.5 Brandon Clarke|2019(Pick 21)|15|28.6|13.6|0.6|6.1|1.7|1.1|0.7|.489|.567|0.7 Luguentz Dort|2019(Pick 20)|19|28.8|12.4|2.2|3.3|1.2|0.8|0.3|.433|.780|1.2"
Luka Dort &gt;  Luguentz Doncic
Luguentz Dort and it's not even close. If you pick Luka then you are a causal fan
Hell nah. Best case would be like luguentz dort or something. I'd eat a shoe if iman ever scored more than 15 a game without the injuries. His career ppg high is 9.5 and he had next to 0 offensive skill with a busted jumper.
"&gt; Wiggins‚Äô on-ball defense has opponents shooting 40.0 percent, better than such respected defenders as Oklahoma City‚Äôs Luguentz Dort (43.3), Boston‚Äôs Jaylen Brown (43.5) and Toronto‚Äôs Pascal Siakam (44.0).  &gt; On shots from 15 feet or further, where many wings thrive, the failure rate against Wiggins is 67.4 percent, roughly the same as Los Angeles Lakers star Anthony Davis (67.5) and better than Los Angeles Clippers star Kawhi Leonard (61.4) and Portland‚Äôs 3-and-D wing Robert Covington (59.3). The failure rate against Mavericks forward Dorian Finney-Smith, considered a ‚Äúdefensive specialist,‚Äù is 63.9."
"Most, not all. I haven't watched the Wizards or Pistons play yet this season.  However:  &gt; Wiggins‚Äô on-ball defense has opponents shooting 40.0 percent, better than such respected defenders as Oklahoma City‚Äôs Luguentz Dort (43.3), Boston‚Äôs Jaylen Brown (43.5) and Toronto‚Äôs Pascal Siakam (44.0).  &gt; On shots from 15 feet or further, where many wings thrive, the failure rate against Wiggins is 67.4 percent, roughly the same as Los Angeles Lakers star Anthony Davis (67.5) and better than Los Angeles Clippers star Kawhi Leonard (61.4) and Portland‚Äôs 3-and-D wing Robert Covington (59.3). The failure rate against Mavericks forward Dorian Finney-Smith, considered a ‚Äúdefensive specialist,‚Äù is 63.9."
"&gt; Wiggins‚Äô on-ball defense has opponents shooting 40.0 percent, better than such respected defenders as Oklahoma City‚Äôs Luguentz Dort (43.3), Boston‚Äôs Jaylen Brown (43.5) and Toronto‚Äôs Pascal Siakam (44.0).  &gt; On shots from 15 feet or further, where many wings thrive, the failure rate against Wiggins is 67.4 percent, roughly the same as Los Angeles Lakers star Anthony Davis (67.5) and better than Los Angeles Clippers star Kawhi Leonard (61.4) and Portland‚Äôs 3-and-D wing Robert Covington (59.3). The failure rate against Mavericks forward Dorian Finney-Smith, considered a ‚Äúdefensive specialist,‚Äù is 63.9.  sure"
"&gt; Wiggins‚Äô on-ball defense has opponents shooting 40.0 percent, better than such respected defenders as Oklahoma City‚Äôs Luguentz Dort (43.3), Boston‚Äôs Jaylen Brown (43.5) and Toronto‚Äôs Pascal Siakam (44.0).  &gt; On shots from 15 feet or further, where many wings thrive, the failure rate against Wiggins is 67.4 percent, roughly the same as Los Angeles Lakers star Anthony Davis (67.5) and better than Los Angeles Clippers star Kawhi Leonard (61.4) and Portland‚Äôs 3-and-D wing Robert Covington (59.3). The failure rate against Mavericks forward Dorian Finney-Smith, considered a ‚Äúdefensive specialist,‚Äù is 63.9."
"""Wiggins‚Äô on-ball defense has opponents shooting 40.0 percent, better than such respected defenders as Oklahoma City‚Äôs Luguentz Dort (43.3), Boston‚Äôs Jaylen Brown (43.5) and Toronto‚Äôs Pascal Siakam (44.0).  On shots from 15 feet or further, where many wings thrive, the failure rate against Wiggins is 67.4 percent, roughly the same as Los Angeles Lakers star Anthony Davis (67.5) and better than Los Angeles Clippers star Kawhi Leonard (61.4) and Portland‚Äôs 3-and-D wing Robert Covington (59.3). The failure rate against Mavericks forward Dorian Finney-Smith, considered a ‚Äúdefensive specialist,‚Äù is 63.9.""  Also has the highest contest rate for warriors  For all the people in sub wanting to check the stats .He really has had a good start to the campaign"
  **Thunder @ Nuggets**  [](/OKC) **101 -  119** [](/DEN)  **Box Scores: [NBA](http://www.nba.com/games/20210119/OKCDEN#/boxscore) &amp; [Yahoo](http://sports.yahoo.com/nba/oklahoma-city-thunder-denver-nuggets-2021011907)**  |**Team**|**Q1**|**Q2**|**Q3**|**Q4**|**Total**| |:---|:--|:--|:--|:--|:--| |Oklahoma City Thunder|31|21|22|27|101| |Denver Nuggets|31|34|32|22|119|  **TEAM STATS**  |**Team**|**PTS**|**FG**|**FG%**|**3P**|**3P%**|**FT**|**FT%**|**OREB**|**TREB**|**AST**|**PF**|**STL**|**TO**|**BLK**| |:--|:--|:--|:--|:--|:--|:--|:--|:--|:--|:--|:--|:--|:--|:--| |Oklahoma City Thunder|101|36-86|41.9%|14-43|32.6%|15-23|65.2%|9|41|22|15|8|19|4| |Denver Nuggets|119|46-105|43.8%|14-42|33.3%|13-14|92.9%|18|58|29|22|11|14|3|  **TEAM LEADERS**  |**Team**|**Points**|**Rebounds**|**Assists**| |:--|:--|:--|:--| |Oklahoma City Thunder|**20** Luguentz Dort|**9** Isaiah Roby|**7** Shai Gilgeous-Alexander| |Denver Nuggets|**27** Nikola Jokic|**12** Paul Millsap|**6** Will Barton|
"As a wing defender I couldn't give you a definitive answer, although Ben Simmons is definitely up there. but on the topic of Lu Dort he seems like he could be comfortable switching to forwards. Luguentz is already elite at covering guards though. The guy looks like he was tailor made for stopping guards. He has good length and is built like a truck (The War Rig from Fury Road, that's the type of truck we're talking about) at 6'4. He fights through screens, doesn't gamble a lot on defense and takes no plays off (coaches must love to see that level of effort in the defensive end) Before seeing him play starter minutes last year I thought he would struggle against shiftier, quicker ball handlers but the guy has elite lateral movement even if he looks like a human fire hydrant. Or a tank. Or both. He does a great job against guards but I haven't seen him guard a lot of forwards, so I wouldn't be sure if he's great at it yet but he definitely has potential there.   So OKC, you have a great player with All Defensive Team chops."
"[Found this article from the Athletic](https://theathletic.com/1040676/2019/06/21/head-scratching-how-did-asus-luguentz-dort-go-undrafted-thursday-night/) (I'll quote some stuff since its paywalled).  Perimeter shooting.  &gt;Although Dort‚Äôs touch improved as last season unfolded, he shot just 30.7 percent from 3-point range. Among the eight guards taken in Thursday‚Äôs first round, none shot lower than 35.3.   Also, if you were wondering why he wasn't taken in the second round this article also explains that.  &gt;He said they turned down four teams wanting to draft Dort in the mid-to-late second round because they either wanted to draft and stash him overseas or draft him and send him directly to the developmental G League.  As painful as it was, they decided that going undrafted and signing a full two-way contract was the best option, especially considering Oklahoma City‚Äôs reputation for player development.   Pretty cool to be honest."
"All-Canada Team is nasty.  * **PG**: Shai Gilgeous-Alexander, Luguentz Dort, Cory Joseph * **SG**: Jamal Murray, RJ Barrett, Nickeil Alexander-Walker * **SF**: Andrew Wiggins, Dillon Brooks, Trey Lyles * **PF**: Chris Boucher, Brandon Clarke, Khem Birch * **C**: Tristan Thompson, Kelly Olynyk, Dwight Powell"
look at luguentz dort man so inspirational
for me and my homies its:  1. Luguentz Dort 2. Luguentz Dort 3. Luguentz Dort 4. Luguentz Dort 5. Luguentz Dort
| Player                   | TEAM | GP | eFG% | TS%  | FGA  | Pts/FG |  |--------------------------|------|----|------|------|------|--------|  | Damian Lillard           | POR  | 12 | 54.2 | 61.7 | 18.7 | 1.4    |  | De'Andre Hunter          | ATL  | 11 | 59.3 | 63.7 | 11.2 | 1.4    |  | Shai Gilgeous-Alexander  | OKC  | 12 | 56.9 | 61.4 | 15.1 | 1.4    |  | Zach LaVine              | CHI  | 12 | 59.1 | 63.4 | 19.8 | 1.4    |  | John Collins             | ATL  | 11 | 59.1 | 62.9 | 11.5 | 1.4    |  | Bradley Beal             | WAS  | 10 | 54.3 | 60.8 | 24.5 | 1.4    |  | Shake Milton             | PHI  | 10 | 55.9 | 61.4 | 11.1 | 1.4    |  | Goran Dragic             | MIA  | 8  | 59.0 | 63.4 | 10.4 | 1.4    |  | Khris Middleton          | MIL  | 13 | 62.0 | 65.5 | 15.4 | 1.4    |  | Jaylen Brown             | BOS  | 11 | 60.1 | 63.1 | 18.5 | 1.4    |  | Anthony Davis            | LAL  | 12 | 58.0 | 61.3 | 15.6 | 1.4    |  | DeMar DeRozan            | SAS  | 10 | 50.7 | 58.4 | 14.7 | 1.4    |  | Domantas Sabonis         | IND  | 12 | 57.9 | 60.6 | 15.8 | 1.4    |  | Devin Booker             | PHX  | 11 | 54.9 | 59.9 | 16.6 | 1.4    |  | Stephen Curry            | GSW  | 12 | 54.9 | 61.0 | 20.5 | 1.4    |  | Duncan Robinson          | MIA  | 10 | 61.5 | 63.7 | 10.0 | 1.4    |  | Trae Young               | ATL  | 11 | 44.3 | 55.2 | 16.7 | 1.4    |  | Zion Williamson          | NOP  | 10 | 54.7 | 57.2 | 15.9 | 1.4    |  | Jonas Valanciunas        | MEM  | 11 | 55.0 | 59.2 | 10.9 | 1.4    |  | Julius Randle            | NYK  | 13 | 54.3 | 58.9 | 17.0 | 1.4    |  | Collin Sexton            | CLE  | 8  | 58.5 | 61.9 | 18.4 | 1.4    |  | Luguentz Dort            | OKC  | 12 | 58.4 | 61.4 | 9.4  | 1.4    |  | Rui Hachimura            | WAS  | 7  | 52.9 | 57.7 | 10.0 | 1.4    |  | Terry Rozier             | CHA  | 13 | 58.8 | 61.5 | 14.5 | 1.4    |  | Kawhi Leonard            | LAC  | 11 | 53.7 | 59.4 | 18.5 | 1.4    |  | Kyrie Irving             | BKN  | 7  | 59.6 | 63.0 | 20.1 | 1.3    |  | Ben Simmons              | PHI  | 11 | 52.0 | 55.3 | 9.2  | 1.3    |  | LeBron James             | LAL  | 14 | 55.4 | 58.8 | 17.9 | 1.3    |  | Joe Harris               | BKN  | 13 | 65.7 | 65.5 | 10.8 | 1.3    |  | Jerami Grant             | DET  | 11 | 52.9 | 58.6 | 18.5 | 1.3    |  | Kyle Lowry               | TOR  | 10 | 52.9 | 58.5 | 14.0 | 1.3    |  | Brandon Ingram           | NOP  | 11 | 51.5 | 57.6 | 17.6 | 1.3    |  | Gordon Hayward           | CHA  | 12 | 55.6 | 60.2 | 16.5 | 1.3    |  | Cameron Johnson          | PHX  | 11 | 60.8 | 62.9 | 9.3  | 1.3    |  | Patty Mills              | SAS  | 12 | 60.3 | 62.8 | 10.9 | 1.3    |  | CJ McCollum              | POR  | 12 | 58.8 | 61.6 | 20.8 | 1.3    |  | OG Anunoby               | TOR  | 11 | 54.8 | 58.2 | 9.5  | 1.3    |  | Otto Porter Jr.          | CHI  | 11 | 54.4 | 59.2 | 9.4  | 1.3    |  | Mike Conley              | UTA  | 12 | 57.1 | 59.8 | 13.0 | 1.3    |  | Christian Wood           | HOU  | 9  | 57.9 | 59.5 | 17.6 | 1.3    |  | Eric Gordon              | HOU  | 7  | 53.9 | 59.0 | 10.9 | 1.3    |  | Tim Hardaway Jr.         | DAL  | 11 | 59.9 | 60.8 | 14.3 | 1.3    |  | Aaron Gordon             | ORL  | 11 | 54.8 | 56.4 | 11.5 | 1.3    |  | Luka Doncic              | DAL  | 10 | 51.4 | 56.0 | 21.1 | 1.3    |  | Deandre Ayton            | PHX  | 11 | 57.1 | 58.5 | 9.6  | 1.3    |  | Carmelo Anthony          | POR  | 11 | 50.0 | 56.6 | 9.3  | 1.3    |  | Keldon Johnson           | SAS  | 12 | 53.6 | 57.7 | 11.4 | 1.3    |  | De'Aaron Fox             | SAC  | 13 | 49.7 | 54.4 | 14.6 | 1.3    |  | Tobias Harris            | PHI  | 10 | 58.8 | 60.8 | 14.7 | 1.3    |  | Malcolm Brogdon          | IND  | 12 | 56.8 | 59.6 | 17.8 | 1.3    |  | Jordan Clarkson          | UTA  | 12 | 59.3 | 61.2 | 13.4 | 1.3    |  | Davis Bertans            | WAS  | 11 | 52.5 | 56.9 | 9.3  | 1.3    |  | Jamal Murray             | DEN  | 11 | 53.6 | 56.8 | 15.4 | 1.3    |  | Myles Turner             | IND  | 12 | 53.4 | 56.8 | 9.8  | 1.3    |  | Jayson Tatum             | BOS  | 10 | 55.6 | 58.8 | 21.3 | 1.3    |  | Serge Ibaka              | LAC  | 13 | 57.0 | 58.9 | 9.4  | 1.3    |  | Jrue Holiday             | MIL  | 13 | 55.7 | 58.4 | 12.2 | 1.2    |  | Terrence Ross            | ORL  | 11 | 51.1 | 56.3 | 12.5 | 1.2    |  | Malik Beasley            | MIN  | 11 | 53.9 | 57.4 | 16.3 | 1.2    |  | Nikola Vucevic           | ORL  | 12 | 56.8 | 58.6 | 17.7 | 1.2    |  | Kelly Olynyk             | MIA  | 9  | 59.2 | 59.7 | 9.7  | 1.2    |  | Jimmy Butler             | MIA  | 6  | 44.2 | 52.9 | 12.8 | 1.2    |  | Nickeil Alexander-Walker | NOP  | 9  | 56.5 | 58.7 | 9.4  | 1.2    |  | P.J. Washington          | CHA  | 13 | 48.1 | 53.2 | 10.4 | 1.2    |  | Tyler Herro              | MIA  | 10 | 52.4 | 55.7 | 14.3 | 1.2    |  | Marcus Smart             | BOS  | 10 | 46.0 | 52.3 | 10.1 | 1.2    |  | Pascal Siakam            | TOR  | 10 | 50.3 | 54.1 | 16.4 | 1.2    |  | John Wall                | HOU  | 7  | 50.0 | 54.4 | 15.4 | 1.2    |  | Eric Bledsoe             | NOP  | 10 | 53.2 | 55.4 | 9.4  | 1.2    |  | Chris Paul               | PHX  | 11 | 46.7 | 53.5 | 11.1 | 1.2    |  | Donovan Mitchell         | UTA  | 12 | 51.5 | 54.6 | 19.8 | 1.2    |  | Victor Oladipo           | IND  | 9  | 50.3 | 53.5 | 16.9 | 1.2    |  | Lonnie Walker IV         | SAS  | 12 | 52.1 | 54.7 | 12.1 | 1.2    |  | Marvin Bagley III        | SAC  | 13 | 49.3 | 51.3 | 10.9 | 1.2    |  | Fred VanVleet            | TOR  | 11 | 53.9 | 55.8 | 17.5 | 1.2    |  | Darius Garland           | CLE  | 6  | 54.0 | 56.0 | 14.7 | 1.2    |  | Andre Drummond           | CLE  | 12 | 47.5 | 49.8 | 16.5 | 1.2    |  | D'Angelo Russell         | MIN  | 11 | 51.5 | 53.7 | 17.7 | 1.2    |  | James Wiseman            | GSW  | 12 | 50.9 | 52.4 | 9.7  | 1.2    |  | Gary Harris              | DEN  | 10 | 52.2 | 54.3 | 9.1  | 1.2    |  | Andrew Wiggins           | GSW  | 12 | 49.7 | 52.9 | 15.3 | 1.2    |  | Josh Richardson          | DAL  | 8  | 49.5 | 53.7 | 11.9 | 1.2    |  | Coby White               | CHI  | 12 | 50.3 | 53.5 | 15.3 | 1.2    |  | Austin Rivers            | NYK  | 9  | 58.0 | 58.0 | 9.0  | 1.2    |  | Blake Griffin            | DET  | 8  | 47.9 | 51.3 | 11.8 | 1.2    |
Luguentz Dort
Luguentz Dort.
Luguentz Dort agrees.
Luguentz Dort
Luguentz Dort
"If you care about rooting for a fellow Canadian, perhaps the Denver Nuggets to watch Jamal Murray or the Oklahoma City Thunder to watch Shai Gilgeous-Alexander (SGA) and Luguentz Dort.   Or pick anyone else from [this list](https://en.wikipedia.org/wiki/List_of_Canadians_in_the_National_Basketball_Association)."
Eastern conference Luguentz Dort
"I pray for both LDs, Luka Doncic and Luguentz Dort."
"The only players to score 30 in a playoff game their rookie season?  Legends Michael Jordan, Kobe Bryant and Luguentz Dort."
Cut my life into pieces  This is my Luguentz Dort
I pledge a Luguentz to the Dort   And the United Dorts of America
#LUGUENTZ FUCKING DORT
#LUGUENTZ FUCKING DORT
"So Jarrett Allen and Joe Ingles are #1&amp;2 in the league this year at about 70% &amp; this ‚Äúobjectively ‚Äú means they are more efficient scorers than let‚Äôs say  Lebron who is at #82 &amp; at 59.1%.  Or Blake Griffin who is ranked #188th &amp; at 49.1%. That‚Äôs objective in deciding who‚Äôs more efficient at scoring?   So if it‚Äôs ‚Äúobjective‚Äù then its the same measure as FT% where Chris Paul &amp; KAT are #1&amp;2 at 97.2% &amp; 94.6% The 82nd ranked player is Luguentz Dort at 74.7% How about even the 110th ranked since I can‚Äôt even look up the 188th quickly enough, Marvin Bagley at 54.5%. That‚Äôs the same equivalent?   Somehow we change a measure of efficiency by just adding up nonsense &amp; averaging out and giving it a lie for a name.  It‚Äôs not ‚Äútrue shooting‚Äù it‚Äôs FALSE shooting.   GTFO!! with what ever idiot taught people this trash.  People who watch and follow the game forever &amp; know what it‚Äôs about would never even look at TS% as a real stat.   It‚Äôs another nonsensical advanced statistic that doesn‚Äôt measure anything just some stupid number we can add to try to act like baseball advanced statistics."
Extremely late to my regular post but here are the lineups for the night!  &amp;nbsp;  **Lineups:**  [](/CLE)Cavaliers (10-20) | [](/OKC)Thunder (11-18) ---|---   D. Garland |  S. Gilgeous-Alexander  C. Sexton  | Theo Maledon Isaac Okoro | Luguentz Dort Cedi Osman|   Darius Bazley  Jarrett Allen |  Al Horford  &amp;nbsp;  **May not play:**   [](/CLE)Cavaliers (10-20) | [](/OKC)Thunder (11-18) ---|--- Outback Jesus (OUT)  |  T. Ariza  (OUT) K. Love (OUT) |    G. Hill  (OUT)  L. Nance (OUT) :( |    A. Drummond  (OUT) |   T. Prince   (OUT) |
Bam Adebayo.  Taco Fall.  Ruben Boumtje-Boumtje (I'm pulling him out of retirement for this one).  Bol Bol.  Jonas Valanciunas.    Luguentz Dort.  I am open to more names of mainly active players if I'm missing other great names.
"Takeaways:  That one hurt man. Fuck it though. Young OKC took it to em  Hamidou Diallo is way too tough  Bazley pros: he won a critical game saving jump ball against Lebron and got boards. Bazley cons: he tries to do way too much  Pay ATTENTION TO KENRICH WILLIAMS. Kenny hustle. This guy plays winning basketball. Do not snooze on this man.   Shai hoops. That fucking step back with four mins to go in the fourth was insane. Really awesome to get to the line and go 3/3 at the end of regulation  Lebron so fucking good it‚Äôs crazy. Just an unimaginable passer and just tossed our guys around. Such a scary shooter  The refs called a lot of BULLSHIT on Luguentz Dort. Hate to see it   Forgot how quick Dennis hits the jets. He adds such a layer of dynamism to the Lakers on offense   Okc needs size so bad. Cannot stop Trez, he got what he wanted. Anytime Baze was on him he was toast    Good ass job Okc. Let‚Äôs keep competing"
Luguentz Dort is not someone I would want to be guarded by
Dort is his last name to be fair but Luguentz is even better lol
Luguentz Dort
Ray Feralstin - Rafer Alston  Bladday Debots -   Alike Aroosoh  Ski McEyeLuke  Jake Rowder - Jae Crowder  Joe Lambead - Joel Embiid  U.V Brown - Hubee Brown?  Meatloaf Taya dickso  All Freaka Menu - Al Farouq Aminu  My New Jinhoebley  Luke Ball Mootay - Luc Mbah a Moute  Emanuel Bootyay - Emmanuel Mudiay  Fawn May Her - Thon Maker  Pissmack Peeyawnboh - Bismack Biyombo  JT Yano -  Sidrueniss El Gowskiss - Zydrunas Ilgauskas  Brego Dean  My Honor Lee - Mike Conley  Marger Salt - Marc Gasol   Giannis T. Ma -   John C. Billups  Steve Naismith  Yaka Hurdle - Jacob Poeltl  Frank Nealakeena - Frank Ntilkina  Mikhal Ohwhatcandy - Michael Olowokandi  Radio Kerroots - Rodions Kurucs  Pestkelle C. Yakumb - Pascal Siakam  Jock Vawn - Jacque Vaughn  Timothy Luwahwahcabaroo - Timoth√© Luwawu-Cabarrot  Messeye Whojerry -   RC DeYakanald - Ryan Arcidiacono  Jeff Petry -   Alek Sabrinas -   Ben HadABuyout - Bam Adebayo  Norman B. Elitezza -   Andrew Whao Jenhowsky - OG Anunoby  Thomas Subhonus -   Lukens Dork - Luguentz Dort  Forkon Kockmiss - Furkan Korkmaz  Katie LeLain -   Feeyawndoo Cabinjelly  Eric Spousestraw - Erik Spoelstra
Rafer Alston  Vlade divac  Alex Caruso Svi Mykhailiuk Jae Crowder   Al farouq aminu  Manu ginobili Luc mbah a moute  Emmanuel Mudiay  Bismack Biyombo  Zydrunas ilgauskas Greg oden  Marc Gasol   Chauncey billups   Frank ntilikina Michael olowokandi Rodions kurucs  Pascal Siakam  Timothee luwawu-cabarrot Masai ujiri   Alex abrines Bam adebayo  Nemanja bjelica  Domatas Sabonis Luguentz Dort  Furkan korkmaz    Erik spolestra
Rafer Alston  Jae Crowder  Al-Farouk Aminu  Bismarck Biyombo  Zydrunas Ilgauskas  Chauncey Billips  Michael Olokowandi  Timothe Luwawu Cabarrot  Alex Abrines   Bam Adebayo  Luguentz Dort  Firman Korkmaz  Mfiondu Kabengele  Eric Spoelstra
  **Knicks @ Thunder**  [](/NYK) **119 -  97** [](/OKC)  **Box Scores: [NBA](http://www.nba.com/games/20210313/NYKOKC#/boxscore) &amp; [Yahoo](http://sports.yahoo.com/nba/new-york-knicks-oklahoma-city-thunder-2021031325)**  |**Team**|**Q1**|**Q2**|**Q3**|**Q4**|**Total**| |:---|:--|:--|:--|:--|:--| |New York Knicks|22|34|32|31|119| |Oklahoma City Thunder|31|23|24|19|97|  **TEAM STATS**  |**Team**|**PTS**|**FG**|**FG%**|**3P**|**3P%**|**FT**|**FT%**|**OREB**|**TREB**|**AST**|**PF**|**STL**|**TO**|**BLK**| |:--|:--|:--|:--|:--|:--|:--|:--|:--|:--|:--|:--|:--|:--|:--| |New York Knicks|119|44-91|48.4%|14-35|40.0%|17-22|77.3%|12|45|23|20|12|10|2| |Oklahoma City Thunder|97|37-76|48.7%|8-32|25.0%|15-21|71.4%|5|40|22|18|3|18|4|  **TEAM LEADERS**  |**Team**|**Points**|**Rebounds**|**Assists**| |:--|:--|:--|:--| |New York Knicks|**32** RJ Barrett|**12** Julius Randle|**12** Julius Randle| |Oklahoma City Thunder|**16** Al Horford|**9** Moses Brown|**5** Luguentz Dort|
"If I look at the 70 players who have played at least 1000 minutes this season, the top 15 in Def RAPTOR are:  Rudy Gobert, myles turner, Robert covington, Luguentz Dort, Fred Vanvleet, Nic Batum,  Kawhi Leonard, Giannis, Julius Randle, Bam adebayo , royce O'Neal, Justin holiday, Ben Simmons, Kelly oubre, DeAndre ayton  This is littered with players who are either great individual defenders, or at least do a great job playing a defensive role in a solid system (FVV, Julius Randle, for example)   Wiggins ranks 25th out of those 70 players for the record - so hes fine enough but I can't buy all this talk that hes elite on that end   Also fair to note that he is ranked 67th out of those 70 players in offensive RAPTOR , right behind Anthony Edwards. So there's that"
"Luguentz Dort, Montr√©al"
"I'm from Montreal, I guess Luguentz Dort is probably the answer here"
cut my life into pieces   this is my luguentz dort
cut my life into pieces  this is my Luguentz Dort
"Quick point of clarification for my fellow Canadian boy, Lu Dort doesn't have an 'o' in his first name. His nickname is Lu, short for Luguentz."
sweet pepper luguentz dort
Dort. It works better when you use his full first name Luguentz
  **Kings @ Thunder**  [](/SAC) **103 -  99** [](/OKC)  **Box Scores: [NBA](http://www.nba.com/games/20210504/SACOKC#/boxscore) &amp; [Yahoo](http://sports.yahoo.com/nba/sacramento-kings-oklahoma-city-thunder-2021050425)**  |**Team**|**Q1**|**Q2**|**Q3**|**Q4**|**Total**| |:---|:--|:--|:--|:--|:--| |Sacramento Kings|25|31|25|22|103| |Oklahoma City Thunder|20|26|23|30|99|  **TEAM STATS**  |**Team**|**PTS**|**FG**|**FG%**|**3P**|**3P%**|**FT**|**FT%**|**OREB**|**TREB**|**AST**|**PF**|**STL**|**TO**|**BLK**| |:--|:--|:--|:--|:--|:--|:--|:--|:--|:--|:--|:--|:--|:--|:--| |Sacramento Kings|103|39-95|41.1%|12-43|27.9%|13-16|81.2%|9|49|25|19|6|12|10| |Oklahoma City Thunder|99|35-98|35.7%|11-36|30.6%|18-25|72.0%|17|57|21|14|5|9|4|  **TEAM LEADERS**  |**Team**|**Points**|**Rebounds**|**Assists**| |:--|:--|:--|:--| |Sacramento Kings|**18** Buddy Hield|**11** Buddy Hield|**8** Delon Wright| |Oklahoma City Thunder|**24** Darius Bazley|**17** Moses Brown|**4** Luguentz Dort|
‚ÄúLuguentz Dort: Out- Right hip strain‚Äù
"Luguentz ""George Patton"" Dort"
"And the GOAT of all GOATs, Luguentz Dort."
  **Pelicans @ Thunder**  [](/NOP) **109 -  95** [](/OKC)  **Box Scores: [NBA](http://www.nba.com/games/20210429/NOPOKC#/boxscore) &amp; [Yahoo](http://sports.yahoo.com/nba/new-orleans-pelicans-oklahoma-city-thunder-2021042925)**  |**Team**|**Q1**|**Q2**|**Q3**|**Q4**|**Total**| |:---|:--|:--|:--|:--|:--| |New Orleans Pelicans|31|29|19|30|109| |Oklahoma City Thunder|20|23|25|27|95|  **TEAM STATS**  |**Team**|**PTS**|**FG**|**FG%**|**3P**|**3P%**|**FT**|**FT%**|**OREB**|**TREB**|**AST**|**PF**|**STL**|**TO**|**BLK**| |:--|:--|:--|:--|:--|:--|:--|:--|:--|:--|:--|:--|:--|:--|:--| |New Orleans Pelicans|109|45-101|44.6%|5-29|17.2%|14-19|73.7%|15|56|26|22|11|12|6| |Oklahoma City Thunder|95|34-89|38.2%|11-39|28.2%|16-20|80.0%|12|53|18|21|6|22|4|  **TEAM LEADERS**  |**Team**|**Points**|**Rebounds**|**Assists**| |:--|:--|:--|:--| |New Orleans Pelicans|**27** Zion Williamson|**10** Willy Hernangomez|**6** Zion Williamson| |Oklahoma City Thunder|**17** Luguentz Dort|**18** Moses Brown|**4** Theo Maledon|
"Defensive advanced stats aren't great as everyone here has already mentioned, but I think there are much better options than RPM.  Just out of curiosity, here are the 20 players with the highest **538 Defensive RAPTOR rating** (min. 1,000 minutes):  1. Rudy Gobert (**massive** lead for 1st) 2. Clint Capela 3. Matisse Thybulle 4. Jakob Poeltl 5. Joel Embiid 6. Myles Turner 7. Mike Conley 8. Derrick White 9. Alex Caruso 10. Rudy Gay 11. Nicolas Batum 12. Luguentz Dort 13. Andre Drummond 14. Jae Crowder 15. Larry Nance Jr. 16. Jimmy Butler 17. Isaiah Stewart 18. Khem Birch 19. Raul Neto 20. Nerlens Noel  A few oddities (Gay, Drummond, Neto) but overall not that bad.  -  ---  -  And then here are the 20 players with the highest **BBall Index D-LEBRON** (min. 1,000 minutes):   1. Rudy Gobert 2. Myles Turner 3. Clint Capela 4. Robert Covington 5. Nerlens Noel 6. Matisse Thybulle 7. Jakob Poeltl 8. Alex Caruso 9. Larry Nance Jr. 10. Giannis Antetokounmpo 11. Brook Lopez 12. Draymond Green 13. Joel Embiid 14. Ben Simmons 15. Tobias Harris 16. Jae Crowder 17. Andre Drummond 18. Kent Bazemore 19. Nicolas Batum 20. Jimmy Butler  Actually a very solid list IMO, Drummond is the only guy there where I'm like *eehhhhh.....*"
  **Thunder @ Celtics**  [](/OKC) **119 -  115** [](/BOS)  **Box Scores: [NBA](http://www.nba.com/games/20210427/OKCBOS#/boxscore) &amp; [Yahoo](http://sports.yahoo.com/nba/oklahoma-city-thunder-boston-celtics-2021042702)**  |**Team**|**Q1**|**Q2**|**Q3**|**Q4**|**Total**| |:---|:--|:--|:--|:--|:--| |Oklahoma City Thunder|29|26|23|41|119| |Boston Celtics|24|25|29|37|115|  **TEAM STATS**  |**Team**|**PTS**|**FG**|**FG%**|**3P**|**3P%**|**FT**|**FT%**|**OREB**|**TREB**|**AST**|**PF**|**STL**|**TO**|**BLK**| |:--|:--|:--|:--|:--|:--|:--|:--|:--|:--|:--|:--|:--|:--|:--| |Oklahoma City Thunder|119|39-81|48.1%|13-30|43.3%|28-36|77.8%|10|51|25|24|5|27|3| |Boston Celtics|115|41-97|42.3%|11-49|22.4%|22-25|88.0%|8|39|21|26|16|14|7|  **TEAM LEADERS**  |**Team**|**Points**|**Rebounds**|**Assists**| |:--|:--|:--|:--| |Oklahoma City Thunder|**24** Luguentz Dort|**10** Darius Bazley|**5** Theo Maledon| |Boston Celtics|**39** Jaylen Brown|**11** Jaylen Brown|**6** Marcus Smart|
"In the salary cap era you really just can't expect to beat a team able to convince Ty Jerome, Darius Bazley, and Luguentz Dort to join one big superteam, and STILL have salary left over for Isaiah Roby. That's just unfair."
"Luguentz Dort.  Oh wait, the question was who is the *worst* player I'd give a supermax to. Probably Mitchell."
  **Wizards @ Thunder**  [](/WAS) **129 -  109** [](/OKC)  **Box Scores: [NBA](http://www.nba.com/games/20210423/WASOKC#/boxscore) &amp; [Yahoo](http://sports.yahoo.com/nba/washington-wizards-oklahoma-city-thunder-2021042325)**  |**Team**|**Q1**|**Q2**|**Q3**|**Q4**|**Total**| |:---|:--|:--|:--|:--|:--| |Washington Wizards|36|34|30|29|129| |Oklahoma City Thunder|35|33|22|19|109|  **TEAM STATS**  |**Team**|**PTS**|**FG**|**FG%**|**3P**|**3P%**|**FT**|**FT%**|**OREB**|**TREB**|**AST**|**PF**|**STL**|**TO**|**BLK**| |:--|:--|:--|:--|:--|:--|:--|:--|:--|:--|:--|:--|:--|:--|:--| |Washington Wizards|129|48-93|51.6%|18-32|56.2%|15-16|93.8%|12|50|25|23|7|20|7| |Oklahoma City Thunder|109|39-93|41.9%|10-33|30.3%|21-25|84.0%|14|40|18|17|12|16|7|  **TEAM LEADERS**  |**Team**|**Points**|**Rebounds**|**Assists**| |:--|:--|:--|:--| |Washington Wizards|**37** Russell Westbrook|**11** Russell Westbrook|**11** Russell Westbrook| |Oklahoma City Thunder|**20** Darius Bazley|**8** Luguentz Dort|**8** Theo Maledon|
  **Thunder @ Raptors**  [](/OKC) **106 -  112** [](/TOR)  **Box Scores: [NBA](http://www.nba.com/games/20210418/OKCTOR#/boxscore) &amp; [Yahoo](http://sports.yahoo.com/nba/oklahoma-city-thunder-toronto-raptors-2021041828)**  |**Team**|**Q1**|**Q2**|**Q3**|**Q4**|**Total**| |:---|:--|:--|:--|:--|:--| |Oklahoma City Thunder|31|28|21|26|106| |Toronto Raptors|28|24|29|31|112|  **TEAM STATS**  |**Team**|**PTS**|**FG**|**FG%**|**3P**|**3P%**|**FT**|**FT%**|**OREB**|**TREB**|**AST**|**PF**|**STL**|**TO**|**BLK**| |:--|:--|:--|:--|:--|:--|:--|:--|:--|:--|:--|:--|:--|:--|:--| |Oklahoma City Thunder|106|37-82|45.1%|14-33|42.4%|18-21|85.7%|9|46|22|19|6|21|8| |Toronto Raptors|112|37-96|38.5%|17-38|44.7%|21-24|87.5%|16|47|23|15|9|13|5|  **TEAM LEADERS**  |**Team**|**Points**|**Rebounds**|**Assists**| |:--|:--|:--|:--| |Oklahoma City Thunder|**29** Luguentz Dort|**8** Darius Bazley|**6** Ty Jerome| |Toronto Raptors|**31** Chris Boucher|**12** Chris Boucher|**5** Paul Watson|
  **Thunder @ Pistons**  [](/OKC) **104 -  110** [](/DET)  **Box Scores: [NBA](http://www.nba.com/games/20210416/OKCDET#/boxscore) &amp; [Yahoo](http://sports.yahoo.com/nba/oklahoma-city-thunder-detroit-pistons-2021041608)**  |**Team**|**Q1**|**Q2**|**Q3**|**Q4**|**Total**| |:---|:--|:--|:--|:--|:--| |Oklahoma City Thunder|32|24|23|25|104| |Detroit Pistons|25|31|30|24|110|  **TEAM STATS**  |**Team**|**PTS**|**FG**|**FG%**|**3P**|**3P%**|**FT**|**FT%**|**OREB**|**TREB**|**AST**|**PF**|**STL**|**TO**|**BLK**| |:--|:--|:--|:--|:--|:--|:--|:--|:--|:--|:--|:--|:--|:--|:--| |Oklahoma City Thunder|104|39-97|40.2%|7-39|17.9%|19-26|73.1%|18|56|19|23|13|21|8| |Detroit Pistons|110|38-90|42.2%|10-35|28.6%|24-34|70.6%|15|54|22|24|13|18|7|  **TEAM LEADERS**  |**Team**|**Points**|**Rebounds**|**Assists**| |:--|:--|:--|:--| |Oklahoma City Thunder|**26** Luguentz Dort|**8** Moses Brown|**4** Kenrich Williams| |Detroit Pistons|**29** Josh Jackson|**21** Isaiah Stewart|**7** Killian Hayes|
I knew Dort when he was just Luguentz
Do you guys think Luguentz Dort for james wiseman is a good trade now?
Luguentz Dort
Luguentz Dort
Luguentz 'Please don't call me 'Luguentz 'Lu 'Luguentz' Dort' Dort'' Dort
"NGL innocent mistake but I laughed hard at lu ""luguentz"" dort."
  **Thunder @ Jazz**  [](/OKC) **96 -  106** [](/UTA)  **Box Scores: [NBA](http://www.nba.com/games/20210413/OKCUTA#/boxscore) &amp; [Yahoo](http://sports.yahoo.com/nba/oklahoma-city-thunder-utah-jazz-2021041326)**  |**Team**|**Q1**|**Q2**|**Q3**|**Q4**|**Total**| |:---|:--|:--|:--|:--|:--| |Oklahoma City Thunder|31|22|16|27|96| |Utah Jazz|22|33|33|18|106|  **TEAM STATS**  |**Team**|**PTS**|**FG**|**FG%**|**3P**|**3P%**|**FT**|**FT%**|**OREB**|**TREB**|**AST**|**PF**|**STL**|**TO**|**BLK**| |:--|:--|:--|:--|:--|:--|:--|:--|:--|:--|:--|:--|:--|:--|:--| |Oklahoma City Thunder|96|36-93|38.7%|14-34|41.2%|10-18|55.6%|15|50|13|23|8|12|1| |Utah Jazz|106|36-86|41.9%|17-47|36.2%|17-20|85.0%|11|51|24|18|6|12|10|  **TEAM LEADERS**  |**Team**|**Points**|**Rebounds**|**Assists**| |:--|:--|:--|:--| |Oklahoma City Thunder|**42** Luguentz Dort|**15** Moses Brown|**3** Luguentz Dort| |Utah Jazz|**23** Bojan Bogdanovic|**14** Rudy Gobert|**14** Mike Conley|
I would fucking die for my Lord and savior Luguentz Dort (may you all see the light üôè) but people are delusional comparing him to Trae lmao
Luguentz Dort could do it
"Among those who accepted the camp invitations: Golden State‚Äôs Andrew Wiggins, New York‚Äôs RJ Barrett, Memphis‚Äô Dillon Brooks, Oklahoma City‚Äôs Luguentz Dort, Houston‚Äôs Kelly Olynyk, New Orleans‚Äô Nickeil Walker-Alexander, and Indiana‚Äôs Oshae Brissett.  For some, like Barrett and Brooks, availability will obviously hinge on how far their teams advance in the NBA playoffs.  ‚ÄúThere is no greater feeling in sports than the chance to represent your country on the highest international stage at the Olympic Games,‚Äù Canada senior men‚Äôs program general manager Rowan Barrett said. ‚ÄúOur players and staff fully recognize the unique opportunity that lies ahead of us and I would like to commend them for their dedication to playing for Canada this summer.‚Äù     Let's go"
"Oh yea, I mean look at these NBA lineups for last 2 months:  PG: Jamal Murray (21.2 pts/4 rbs/4.8 ats per game)  SG: Shai Gilgeous-Alexander (23.7 pts/4.8 rbs/5.9 ats per game)  SF: Luguentz Dort (19.5 pts/4.4 rbs/2.2 ats per game)  PF: Chris Boucher (14.1 pts/6.7 rbs/1.1 ats per game)  C: Kelly Olynyk (19.1 pts/8.6 rbs/4.2 ats per game)  Bench:   PG: Cory Jospeh  SG: RJ Barrett  SF: Andrew Wiggins  PF: Dwight Powell  C: Khem Birch  Super-bench:  PG: Nickeil Alexander-Walker  SG: Trey Lyles  SF: Dillon Brooks  PF:  Dwight Powell  C: Tristan Thompson"
Luguentz Dort
"I saw this from his end of season presser  &gt; If healthy, Gilgeous-Alexander said he wants to play for Team Canada this summer in the Tokyo Olympics. Thunder teammate Luguentz Dort, from Montreal, is also expected to play.   &gt;But Canada has yet to secure a bid. It will compete in a qualifying tournament in late June for a final spot in the Olympics.   &gt;‚ÄùGetting 100% healthy, first and foremost, before I do that,‚Äù Gilgeous-Alexander said. ‚ÄúSo it's not a no, it's not a yes. Me and my people still gotta figure out timelines for when I'm there, and then from there we'll figure it out.‚Äù   &gt;Daigneault said the organization will support Gilgeous-Alexander‚Äôs decision.   &gt;‚ÄùHe's going to prioritize getting healthy, so we're completely aligned on that,‚Äù Daigneault said. ‚ÄúEverybody is on board with that. Everyone knows that that's number one for every player, especially for him coming out of the season.   I guess I‚Äôm more of an optimist but I got it at 50/50"
Luguentz Dort = Jrue Holiday‚Äôs long lost brother
Luguentz Dort baby
"Yes by ""he"" he clearly means the same Luguentz Dort who the title of this post refers to. I am 99.9% sure that the interviewer is not also named ""Luguentz Dort""."
"&gt; Luguentz Dort actually reads us on Reddit  ?? He doesn't even acknowledge the reddit part, only the reporter brings it up"
"I can't believe hall of famers Chris Paul, Shai Gilgeous-Alexander and Luguentz Dort all played together for one season :O"
Luguentz Dort
"Due to the shortened offseason, teams can trade recently-acquired players just 19 days after acquiring them.   **I am aware that the following would never happen. I just got a kick out of thinking about it and wanted to share.**  Imagine if Brad Stevens decides to blow it up and does this in a few weeks:   Thunder get:   * Jaylen Brown  * Jayson Tatum  Celtics get:   * Kemba Walker  * Luguentz Dort  * Theo Maledon  * Aleksej Pokusevski  * 13 1sts (the max OKC can send at this point)   Celtics basically inherit the OKC rebuild, minus Shai. Meanwhile OKC now goes forward with Shai/Brown/Tatum/Bazley/Bradley. I'm sure they could improve with free agent signings or other trades, too."
"Ibaka is a waste of salary for this team. Give me Taj Gibson for the vet min $2.4MM.   I'm gonna get wild with it and move it and move Jamal Murray to the 2 and add De'Aron Fox as a second max player.   Replacing Anunoby with Crowder for the salary savings.  Also, using 2021 salary figures.  PG: De'Aron Fox ($28MM)  SG: Jamal Murray ($29.5MM)  SF: Luguentz Dort($1.8MM)  PF: Jae Crowder($9.7MM)  C: Clint Capela($17MM)  G3:TJ McConnell ($3.5MM)  G4: Alec Burks ($6MM)  Wing3: Dorian Finney-Smith ($4MM)  Wing4: Nic Batum ($2.6MM)  C2: Taj Gibson($2.4MM)"
"Cade, like every other person on the planet, has a significant crush on Luguentz Dort, sources say"
So‚Ä¶  PG - Kemba Walker  SG - Shai Gilgeous-Alexander  SF - Luguentz Dort  PF - Darius Bazley  C - Mike Muscala  6th - Ty Jerome  7th - Theo Maledon  8th - Isaiah Roby   And assuming they don‚Äôt grab anyone of starting interest in FA which I don‚Äôt think they will?
"Not enough fighting, so... Power Rankings:    1. New Orleans Pelicans - Luka Doncic LeBron James    2. Portland Trail Blazers - Kawhi Leonard Stephen Curry    3. Los Angeles Clippers - James Harden Rudy Gobert     4. Brooklyn Nets - Nikola Jokic Donovan Mitchell    5. Indiana Pacers - Kevin Durant Gordon Hayward     6. Dallas Mavericks - Khris Middleton Devin Booker    7. Minnesota Timberwolves - Damian Lillard Jerami Grant      8. Milwaukee Bucks - Anthony Davis DeMar Derozan    9. Orlando Magic - Shai Gilgeous-Alexander Paul George    10. Atlanta Hawks - Jimmy Butler Julius Randall       11. Washington Wizards - Markelle Fultz Giannis Antetokounmpo    12. Philadelphia 76ers - Zach Lavine Kyle Lowry    13. Houston Rockets - Karl-Anthony Towns Jaylen Brown    14. Cleveland Cavaliers - Jakob Poeltl Joel Embiid  15. Los Angeles Lakers - Chris Paul John Collins   16. Golden State Warriors - Terrence Ross Jayson Tatum    17. Utah Jazz - Zion Williamson Jarrett Allen    18. Detroit Pistons - Bradley Beal RJ Barrett    19. Boston Celtics - Pascal Siakam Collin Sexton    20. San Antonio Spurs - Christian Wood Trae Young    21. Chicago Bulls - Brandon Ingram LaMelo Ball     22. Denver Nuggets - Ben Simmons Klay Thompson    23. Toronto Raptors - Ja Morant Kristaps Porzingis    24. Miami Heat - Fred VanVleet CJ McCollum     25. Oklahoma City Thunder - D'angelo Russelll De‚ÄôAaron Fox    26. Sacramento Kings - Malcolm Brogdon Jamal Murray    27. Memphis Grizzlies - Patrick Beverly Domantas Sabonis     28. New York Knicks - Buddy Hield John Wall    29. Phoenix Suns - Saddiq Bey Spencer Dinwiddie    30. Charlotte Hornets - Dejounte Murray Luguentz Dort"
 Ray Feralstin - Rafer Alston  Bladday Debots - Vlade Divac  Alike Aroosoh - Alex Caruso  Ski McEyeLuke - Svi Mykhailuk  Jake Rowder - Jae Crowder  Joe Lambead - Joel Embiid  U.V Brown - Hubie Brown  Meatloaf Taya dickso  All Freaka Menu - Al Farouq Aminu  My New Jinhoebley - Manu Ginobili  Luke Ball Mootay - Luc Mbah a Moute  Emanuel Bootyay - Emanuel Mudiay  Fawn May Her   Pissmack Peeyawnboh - Bismack Biyombo  JT Yano - Jay Triano  Sidrueniss El Gowskiss - Zydrunas Ilgauskus  Brego Dean - Greg Oden?  My Honor Lee  Marger Salt - Marc Gasol  Giannis T. Ma  John C. Billups - Chauncey Billups  Steve Naismith  Yaka Hurdle - Jakob Poeltl  Frank Nealakeena - Frank Ntilikina  Mikhal Ohwhatcandy - Michael Olowokandi  Radio Kerroots - Rodion Kurucs  Pestkelle C. Yakumb - Pascal Siakam  Jock Vawn - Jacque Vaughn  Timothy Luwahwahcabaroo - Timothe Luwawu Cabarot  Messeye Whojerry - Masai Ujiri  RC DeYakanald - Arcidiacono  Jeff Petry   Alek Sabrinas - Alex Abrines  Ben HadABuyout - Bam Adebayo  Norman B. Elitezza - Nemanja Bjelica  Andrew Whao Jenhowsky - Adrian Wojnarowski  Thomas Subhonus - Domantas Sabonis  Lukens Dork - Luguentz Dort  Forkon Kockmiss - Furkan Korkmaz  Katie LeLain - Cady Lalane?  Feeyawndoo Cabinjelly - Mfiondu Kabengele  Eric Spousestraw  - Erik Spoelstra
"Positions with PG/SG tend to be unclear, especially with defensive minded players so I just tried to fit in who I felt was the best guard defenders.  PG: Ben Simmons, Jrue Holiday, Kris Dunn, Dejounte Murray, Fred Van Vleet  SG: Marcus Smart, Paul George, Dillon Brooks, Alex Caruso, Luguentz Dort  SF: Matisse Thybulle, Kawhi Leonard, Jimmy Butler, OG Anunoby, Lebron James  PF: Draymond Green, Giannis, Anthony Davis, Pascal Siakam, Robert Covington  C: Rudy Gobert, Joel Embiid, Bam Adebayo, Clint Capela, Myles Turner"
"Reporter asks Luguentz about his phrase ""Dort man gets paid."" Luguentz responds: ""I used to say that back when I was in high school and college, wanting to get to this league. It's about working hard, outworking your opponent."""
"Yes, he literally did. His agent told 4 teams not to draft him.   https://theathletic.com/1040676/2019/06/21/head-scratching-how-did-asus-luguentz-dort-go-undrafted-thursday-night/?source=user-shared-article"
"I've got to disagree. People keep posting trade ideas and writing trade idea articles involving SGA as if the Thunder want to move him just so they can get more picks in the future as we hunt for a superstar.  I don't think they get just how good SGA is. He's not just a good looking young prospect anymore. He put up 24/5/6/1/1, with two fouls and three turnovers per game, shooting 51/42/81 from the field in 34 minutes. On a tanking team with the worst spacing in the league, creating practically all of his own shots for himself. With the next best offensive player on his team being Luguentz Dort, who while I love him is still an undrafted sophomore defensive specialist. That's wild."
1. Zion Williamson 2. Ja Morant 3. RJ Barrett 4. DeAndre Hunter 5. Darius Garland 6. Tyler Herro 7. Matisse Thybulle 8. Kevin Porter Jr. 9. Rui Hachimura 10. Keldon Johnson 11. PJ Washington 12. Luguentz Dort 13. Cameron Johnson 14. Brandon Clarke
Harden a bum that got schooled by a rookie named Luguentz Dort. Stop
OKC veteran Luguentz Dort.
https://www.spotrac.com/nba/oklahoma-city-thunder/shai-gilgeous-alexander-26977/  JUL 10 2019 Traded to Oklahoma City (OKC) from Los Angeles (LAC)   BUT  https://www.spotrac.com/nba/oklahoma-city-thunder/luguentz-dort-33033/  JUL 6 2019 Signed a two-way contract with Oklahoma City (OKC)  so OP was right but had the date wrong
"I call Luguentz Dort ""lieutenant dort"" it won't catch on but I like it. And all the actual nicknames that come to mind have already been mentioned."
He is the best offensive player ever and  he is at the complete mercy of Luguentz Dort.
He may be one of the best offensive players ever but you can‚Äôt outrun Luguentz Dort. He is inevitable
  **Thunder @ Rockets**  [](/OKC) **91 -  124** [](/HOU)  **Box Scores: [NBA](http://www.nba.com/games/20211022/OKCHOU#/boxscore) &amp; [Yahoo](http://sports.yahoo.com/nba/oklahoma-city-thunder-houston-rockets-2021102210)**  |**Team**|**Q1**|**Q2**|**Q3**|**Q4**|**Total**| |:---|:--|:--|:--|:--|:--| |Oklahoma City Thunder|21|26|26|18|91| |Houston Rockets|34|35|31|24|124|  **TEAM STATS**  |**Team**|**PTS**|**FG**|**FG%**|**3P**|**3P%**|**FT**|**FT%**|**OREB**|**TREB**|**AST**|**PF**|**STL**|**TO**|**BLK**| |:--|:--|:--|:--|:--|:--|:--|:--|:--|:--|:--|:--|:--|:--|:--| |Oklahoma City Thunder|91|34-91|37.4%|14-43|32.6%|9-16|56.2%|8|39|22|21|9|19|4| |Houston Rockets|124|48-95|50.5%|17-38|44.7%|11-14|78.6%|10|54|29|18|12|17|10|  **TEAM LEADERS**  |**Team**|**Points**|**Rebounds**|**Assists**| |:--|:--|:--|:--| |Oklahoma City Thunder|**13** Shai Gilgeous-Alexander|**7** Aleksej Pokusevski|**4** Luguentz Dort| |Houston Rockets|**31** Christian Wood|**14** Jae'Sean Tate|**10** Kevin Porter Jr.|
"Westbrook has now played with:   KD, Harden, PG, Melo, Harden again, Beal, LeBron, AD, and most significant of all - Luguentz Dort.   I look forward to his new team next year after getting shipped by the Lakers"
Reminds me of Luguentz Dort defending Harden
"2011 playoffs, I substitute Luka for Nowitzki:  Kyle Lowry (Kidd)  Derrick Jones Jr. (DeShawn Stevenson)  Luka  Luguentz Dort (Shawn Marion)  Brook Lopez (Tyson Chandler)  Bench:  Jordan Clarkson (Jason Terry)  Brunson (Barea)  Carmelo Anthony (Peja)  Willie Cauley-Stein (Brendan Haywood)  Minimum contract veterans for the spots of Cardinal, Mahinmi and Brewer."
  **Thunder @ Bucks**  [](/OKC) **110 -  130** [](/MIL)  **Box Scores: [NBA](http://www.nba.com/games/20211010/OKCMIL#/boxscore) &amp; [Yahoo](http://sports.yahoo.com/nba/oklahoma-city-thunder-milwaukee-bucks-2021101015)**  |**Team**|**Q1**|**Q2**|**Q3**|**Q4**|**Total**| |:---|:--|:--|:--|:--|:--| |Oklahoma City Thunder|32|22|27|29|110| |Milwaukee Bucks|48|33|23|26|130|  **TEAM STATS**  |**Team**|**PTS**|**FG**|**FG%**|**3P**|**3P%**|**FT**|**FT%**|**OREB**|**TREB**|**AST**|**PF**|**STL**|**TO**|**BLK**| |:--|:--|:--|:--|:--|:--|:--|:--|:--|:--|:--|:--|:--|:--|:--| |Oklahoma City Thunder|110|41-98|41.8%|19-54|35.2%|9-13|69.2%|9|35|25|13|7|9|2| |Milwaukee Bucks|130|51-94|54.3%|20-37|54.1%|8-13|61.5%|11|55|32|14|6|12|6|  **TEAM LEADERS**  |**Team**|**Points**|**Rebounds**|**Assists**| |:--|:--|:--|:--| |Oklahoma City Thunder|**19** Luguentz Dort|**7** D.J. Wilson|**6** Josh Giddey| |Milwaukee Bucks|**15** Jordan Nwora|**9** Giannis Antetokounmpo|**6** Giannis Antetokounmpo|
You aren‚Äôt Luguentz Dort
Luguentz Dort
  **Wizards @ Thunder**  [](/WAS) **101 -  99** [](/OKC)  **Box Scores: [NBA](http://www.nba.com/games/20211126/WASOKC#/boxscore) &amp; [Yahoo](http://sports.yahoo.com/nba/washington-wizards-oklahoma-city-thunder-2021112625)**  |**Team**|**Q1**|**Q2**|**Q3**|**Q4**|**Total**| |:---|:--|:--|:--|:--|:--| |Washington Wizards|25|31|20|25|101| |Oklahoma City Thunder|27|27|14|31|99|  **TEAM STATS**  |**Team**|**PTS**|**FG**|**FG%**|**3P**|**3P%**|**FT**|**FT%**|**OREB**|**TREB**|**AST**|**PF**|**STL**|**TO**|**BLK**| |:--|:--|:--|:--|:--|:--|:--|:--|:--|:--|:--|:--|:--|:--|:--| |Washington Wizards|101|38-79|48.1%|10-29|34.5%|15-15|100%|5|43|17|15|2|15|12| |Oklahoma City Thunder|99|38-94|40.4%|11-33|33.3%|12-14|85.7%|10|41|23|15|7|9|4|  **TEAM LEADERS**  |**Team**|**Points**|**Rebounds**|**Assists**| |:--|:--|:--|:--| |Washington Wizards|**20** Kentavious Caldwell-Pope|**10** Kyle Kuzma|**6** Bradley Beal| |Oklahoma City Thunder|**21** Luguentz Dort|**8** Shai Gilgeous-Alexander|**9** Shai Gilgeous-Alexander|
"I think Draymond is amazing and does a lot that doesn't show up in either the stat sheet or the advanced stat sheet. When he's motivated, he does such a great job covering for all his teammates, it's insane.  To supplement this, I looked at players with at least 100 DFGA. That comes out to approx. 5 shots defended per game in the 17-19 games so far this season.  https://www.nba.com/stats/players/defense-dash-overall/?Season=2021-22&amp;SeasonType=Regular%20Season&amp;PerMode=Totals&amp;sort=PCT_PLUSMINUS&amp;dir=1&amp;CF=D_FGA*GE*100  Rudy's also been amazing, if I may say so myself. He's defended the most shots so far this season, with 330 DFGA and holding opponents to 38.2%, with an expected FG% of 46.2%, an 8% difference. You have to go all the way down to Deni Avdija's 203 DFGA to find a player who has a bigger absolute margin (35.0% - 43.8% = 8.8%). Draymond's at 180 shots defended with (40.6% - 45.3% = -4.8%, rounding presumably).  (Bold: Outliers, Italics: OP mentioned)  Other effective players include:  * **Rudy Gobert: 330 shots defended, DFG% - FG% = -8%** * Mo Bamba: 300 DFGA, -5.4% * Myles Turner: 280 DFGA, -4.3% * John Collins: 279 DFGA, -5.2% * *Giannis Antetokounmpo: 249 DFGA, -2.2%* * Jaren Jackson Jr.: 222 DFGA, -6.0% * *Paul George: 220 DFGA, -0.4%* * Kevin Durant: 212 DFGA, -3.9% * Devin Booker: 208 DFGA, -3.4% * Isaiah Stewart: 204 DFGA, -5.5% * **Deni Avdija**: 203 DFGA, -8.8% * *Deandre Ayton: 198 DFGA, -0.5%* * Bobby Portis: 194 DFGA, -5.9% * Luguentz Dort: 192 DFGA, -4.4% * LaMelo Ball: 190 DFGA, -6.3% * Davion Mitchell: 188 DFGA, -6.4% * Isaiah Hartenstein: 184 DFGA, -6.5% * *Draymond Green: 180 DFGA, -4.8%* * Bam Adebayo: 176 DFGA, -8.6% * **Derrick Rose**: 146 DFGA, -12.8%, with a DFG% of 30.8%! * Joel Embiid: 146 DFGA, -6.8% * Luke Kennard: 138 DFGA, -7.6% * **Patrick Beverley**: 122 DFGA, -11.9% * **Matisse Thybulle**: 114 DFGA, -11.3% * **Eric Gordon**: 115 DFGA, -10.5% * Austin Reaves: 106 DFGA, -7.6%  More players if the DFGA threshold is lowered to 75 include Mike Muscala (-14.8%!), Taj Gibson, DeAndre' Bembry, Tony Bradley, Jaxson Hayes, Landry Shamet(?), ...  Ineffective players include:  * **Kyle Lowry: 216 DFGA, +8.8%** (wtf) * **Dejounte Murray: 205 DFGA, +8.3%** (he was in the conversation of all-D) * Kemba Walker: 188 DFGA, +6.9% * Ja Morant: 179 DFGA, +7.1% * Luka Doncic: 178 DFGA, +6.1% * Darius Garland: 170 DFGA, +7.5% * Saddiq Bey: 159 DFGA, +7.4% * Cade Cunningham: 153 DFGA, +6.2% * **Bojan Bogdanovic**: 148 DFGA, +10.1% (ugh this lines up with the eye test) * Kyle Anderson: 135 DFGA, +11.2% * Donovan Mitchell: 129 DFGA, +8.7% (this one too) * Cody Zeller: 104 DFGA, +12.0% * Facundo Campazzo: 100 DFGA, +11.2%  A lot more players pop up if the DFGA threshold is lowered to 75, including Xavier Tillman, Gary Harris, Chuma Okeke, Kira Lewis Jr., Chimezie Metu, ...   Disclaimer: DFG% can be unfair, especially if you're a player who's always asked to defend the opposing team's best player. Royce O'Neale gets screwed by the difficulty of his defensive assignments, so I find it really impressive his DFG% difference is -0.6%, despite getting put on everyone from KD to DeRozan to Booker to Tatum to Ja."
  **Jazz @ Thunder**  [](/UTA) **110 -  104** [](/OKC)  **Box Scores: [NBA](http://www.nba.com/games/20211124/UTAOKC#/boxscore) &amp; [Yahoo](http://sports.yahoo.com/nba/utah-jazz-oklahoma-city-thunder-2021112425)**  |**Team**|**Q1**|**Q2**|**Q3**|**Q4**|**Total**| |:---|:--|:--|:--|:--|:--| |Utah Jazz|21|28|32|29|110| |Oklahoma City Thunder|25|27|28|24|104|  **TEAM STATS**  |**Team**|**PTS**|**FG**|**FG%**|**3P**|**3P%**|**FT**|**FT%**|**OREB**|**TREB**|**AST**|**PF**|**STL**|**TO**|**BLK**| |:--|:--|:--|:--|:--|:--|:--|:--|:--|:--|:--|:--|:--|:--|:--| |Utah Jazz|110|39-86|45.3%|15-47|31.9%|17-20|85.0%|7|43|19|15|11|9|8| |Oklahoma City Thunder|104|37-82|45.1%|15-36|41.7%|15-22|68.2%|4|43|21|18|7|12|4|  **TEAM LEADERS**  |**Team**|**Points**|**Rebounds**|**Assists**| |:--|:--|:--|:--| |Utah Jazz|**20** Jordan Clarkson|**17** Rudy Gobert|**5** Donovan Mitchell| |Oklahoma City Thunder|**27** Luguentz Dort|**10** Jeremiah Robinson-Earl|**8** Josh Giddey|
Luguentz Dort is a superstar. Most of y‚Äôall just don‚Äôt know it yet. That SGA guy isn‚Äôt bad either.
  **Thunder @ Hawks**  [](/OKC) **101 -  113** [](/ATL)  **Box Scores: [NBA](http://www.nba.com/games/20211122/OKCATL#/boxscore) &amp; [Yahoo](http://sports.yahoo.com/nba/oklahoma-city-thunder-atlanta-hawks-2021112201)**  |**Team**|**Q1**|**Q2**|**Q3**|**Q4**|**Total**| |:---|:--|:--|:--|:--|:--| |Oklahoma City Thunder|27|33|11|30|101| |Atlanta Hawks|32|34|27|20|113|  **TEAM STATS**  |**Team**|**PTS**|**FG**|**FG%**|**3P**|**3P%**|**FT**|**FT%**|**OREB**|**TREB**|**AST**|**PF**|**STL**|**TO**|**BLK**| |:--|:--|:--|:--|:--|:--|:--|:--|:--|:--|:--|:--|:--|:--|:--| |Oklahoma City Thunder|101|39-97|40.2%|10-38|26.3%|13-14|92.9%|16|50|24|15|5|8|5| |Atlanta Hawks|113|42-87|48.3%|14-34|41.2%|15-16|93.8%|8|44|25|16|6|7|6|  **TEAM LEADERS**  |**Team**|**Points**|**Rebounds**|**Assists**| |:--|:--|:--|:--| |Oklahoma City Thunder|**15** Luguentz Dort|**10** Jeremiah Robinson-Earl|**8** Josh Giddey| |Atlanta Hawks|**30** Trae Young|**14** Clint Capela|**6** Trae Young|
  **Thunder @ Celtics**  [](/OKC) **105 -  111** [](/BOS)  **Box Scores: [NBA](http://www.nba.com/games/20211120/OKCBOS#/boxscore) &amp; [Yahoo](http://sports.yahoo.com/nba/oklahoma-city-thunder-boston-celtics-2021112002)**  |**Team**|**Q1**|**Q2**|**Q3**|**Q4**|**Total**| |:---|:--|:--|:--|:--|:--| |Oklahoma City Thunder|23|22|29|31|105| |Boston Celtics|30|28|31|22|111|  **TEAM STATS**  |**Team**|**PTS**|**FG**|**FG%**|**3P**|**3P%**|**FT**|**FT%**|**OREB**|**TREB**|**AST**|**PF**|**STL**|**TO**|**BLK**| |:--|:--|:--|:--|:--|:--|:--|:--|:--|:--|:--|:--|:--|:--|:--| |Oklahoma City Thunder|105|39-96|40.6%|18-42|42.9%|9-16|56.2%|15|54|23|15|5|9|0| |Boston Celtics|111|41-88|46.6%|17-39|43.6%|12-14|85.7%|8|48|28|11|4|7|7|  **TEAM LEADERS**  |**Team**|**Points**|**Rebounds**|**Assists**| |:--|:--|:--|:--| |Oklahoma City Thunder|**16** Luguentz Dort|**10** Darius Bazley|**6** Darius Bazley| |Boston Celtics|**33** Jayson Tatum|**11** Al Horford|**8** Marcus Smart|
  **Rockets @ Thunder**  [](/HOU) **89 -  101** [](/OKC)  **Box Scores: [NBA](http://www.nba.com/games/20211117/HOUOKC#/boxscore) &amp; [Yahoo](http://sports.yahoo.com/nba/houston-rockets-oklahoma-city-thunder-2021111725)**  |**Team**|**Q1**|**Q2**|**Q3**|**Q4**|**Total**| |:---|:--|:--|:--|:--|:--| |Houston Rockets|19|22|23|25|89| |Oklahoma City Thunder|22|31|27|21|101|  **TEAM STATS**  |**Team**|**PTS**|**FG**|**FG%**|**3P**|**3P%**|**FT**|**FT%**|**OREB**|**TREB**|**AST**|**PF**|**STL**|**TO**|**BLK**| |:--|:--|:--|:--|:--|:--|:--|:--|:--|:--|:--|:--|:--|:--|:--| |Houston Rockets|89|32-90|35.6%|12-42|28.6%|13-19|68.4%|9|46|16|14|6|14|4| |Oklahoma City Thunder|101|41-92|44.6%|10-39|25.6%|9-16|56.2%|9|56|18|19|10|10|6|  **TEAM LEADERS**  |**Team**|**Points**|**Rebounds**|**Assists**| |:--|:--|:--|:--| |Houston Rockets|**21** Jalen Green|**14** Christian Wood|**5** Eric Gordon| |Oklahoma City Thunder|**34** Luguentz Dort|**11** Josh Giddey|**9** Shai Gilgeous-Alexander|
"As i saw someone say earlier:  I pledge a luguentz, to the dort"
Luguentz MJ Dort
I pledge Luguentz to the Dort... wait a second
  **Heat @ Thunder**  [](/MIA) **103 -  90** [](/OKC)  **Box Scores: [NBA](http://www.nba.com/games/20211115/MIAOKC#/boxscore) &amp; [Yahoo](http://sports.yahoo.com/nba/miami-heat-oklahoma-city-thunder-2021111525)**  |**Team**|**Q1**|**Q2**|**Q3**|**Q4**|**Total**| |:---|:--|:--|:--|:--|:--| |Miami Heat|23|20|31|29|103| |Oklahoma City Thunder|24|19|24|23|90|  **TEAM STATS**  |**Team**|**PTS**|**FG**|**FG%**|**3P**|**3P%**|**FT**|**FT%**|**OREB**|**TREB**|**AST**|**PF**|**STL**|**TO**|**BLK**| |:--|:--|:--|:--|:--|:--|:--|:--|:--|:--|:--|:--|:--|:--|:--| |Miami Heat|103|37-82|45.1%|18-40|45.0%|11-13|84.6%|8|45|22|13|11|17|5| |Oklahoma City Thunder|90|34-83|41.0%|15-41|36.6%|7-10|70.0%|9|42|26|15|6|20|10|  **TEAM LEADERS**  |**Team**|**Points**|**Rebounds**|**Assists**| |:--|:--|:--|:--| |Miami Heat|**26** Tyler Herro|**7** Dewayne Dedmon|**11** Kyle Lowry| |Oklahoma City Thunder|**20** Luguentz Dort|**9** Josh Giddey|**9** Josh Giddey|
  **Kings @ Thunder**  [](/SAC) **103 -  105** [](/OKC)  **Box Scores: [NBA](http://www.nba.com/games/20211112/SACOKC#/boxscore) &amp; [Yahoo](http://sports.yahoo.com/nba/sacramento-kings-oklahoma-city-thunder-2021111225)**  |**Team**|**Q1**|**Q2**|**Q3**|**Q4**|**Total**| |:---|:--|:--|:--|:--|:--| |Sacramento Kings|23|39|24|17|103| |Oklahoma City Thunder|16|32|29|28|105|  **TEAM STATS**  |**Team**|**PTS**|**FG**|**FG%**|**3P**|**3P%**|**FT**|**FT%**|**OREB**|**TREB**|**AST**|**PF**|**STL**|**TO**|**BLK**| |:--|:--|:--|:--|:--|:--|:--|:--|:--|:--|:--|:--|:--|:--|:--| |Sacramento Kings|103|38-95|40.0%|14-41|34.1%|13-17|76.5%|11|49|20|12|5|13|7| |Oklahoma City Thunder|105|42-99|42.4%|10-30|33.3%|11-15|73.3%|16|52|13|18|8|10|6|  **TEAM LEADERS**  |**Team**|**Points**|**Rebounds**|**Assists**| |:--|:--|:--|:--| |Sacramento Kings|**21** Harrison Barnes|**15** Richaun Holmes|**7** Tyrese Haliburton| |Oklahoma City Thunder|**22** Luguentz Dort|**14** Jeremiah Robinson-Earl|**5** Josh Giddey|
"suffocation, no breathing  this is luguentz dort"
I pledge a Luguentz   To the Dort
  **Thunder @ Pelicans**  [](/OKC) **108 -  100** [](/NOP)  **Box Scores: [NBA](http://www.nba.com/games/20211110/OKCNOP#/boxscore) &amp; [Yahoo](http://sports.yahoo.com/nba/oklahoma-city-thunder-new-orleans-pelicans-2021111003)**  |**Team**|**Q1**|**Q2**|**Q3**|**Q4**|**Total**| |:---|:--|:--|:--|:--|:--| |Oklahoma City Thunder|28|28|29|23|108| |New Orleans Pelicans|29|19|23|29|100|  **TEAM STATS**  |**Team**|**PTS**|**FG**|**FG%**|**3P**|**3P%**|**FT**|**FT%**|**OREB**|**TREB**|**AST**|**PF**|**STL**|**TO**|**BLK**| |:--|:--|:--|:--|:--|:--|:--|:--|:--|:--|:--|:--|:--|:--|:--| |Oklahoma City Thunder|108|37-87|42.5%|10-34|29.4%|24-30|80.0%|13|56|23|23|6|18|4| |New Orleans Pelicans|100|34-97|35.1%|9-35|25.7%|23-32|71.9%|19|50|24|20|13|9|5|  **TEAM LEADERS**  |**Team**|**Points**|**Rebounds**|**Assists**| |:--|:--|:--|:--| |Oklahoma City Thunder|**27** Luguentz Dort|**12** Josh Giddey|**9** Josh Giddey| |New Orleans Pelicans|**33** Nickeil Alexander-Walker|**15** Jonas Valanciunas|**5** Garrett Temple|
"This sub loves piling on the Suns, but why is no one talking about the defending Retirement Home Champion Lakers being 6-5?  I didn‚Äôt realize until now that the Lakers are currently 6-5.. why is no-one talking about this?  They lost to a mediocre Suns team a couple weeks ago and lost after leading by like 30 pts to the Thunder with a struggling (checks roster) Luguentz Dort *twice*. And from what I know they‚Äôre just about fully healthy.  For anyone actively watching the Lakers this season, what‚Äôs the main reason for the early season struggles? You would think they‚Äôd have a bunch of momentum to start the season after signing a bunch of dudes way past their prime this off-season..."
