"[Dubose] Rockets starting lineup tonight: Sterling Brown, Ben McLemore, Jae'Sean Tate, PJ Tucker, and Christian Wood"
"[Highlights] Ben McLemore drops Blake Griffin, hits the 3"
"[Dubose] Rockets starting lineup tonight: Sterling Brown, Ben McLemore, Jae'Sean Tate, PJ Tucker, and Christian Wood"
"[Highlight] Blake Griffin gets sauced by Ben McLemore, and then falls asleep and puts his hand through the rim for a goaltend."
"[Charania] Free agent Ben McLemore has agreed to a deal with the Los Angeles Lakers, sources tell @TheAthletic @Stadium."
[Charania] Free agent Ben McLemore has agreed to a deal with the Los Angeles Lakers.
"[Charania] The Houston Rockets are planning to waive swingman Ben McLemore, sources tell @TheAthletic @Stadium. Several contenders are expected to express interest in the sharpshooting wing."
"[Quinn]: The Lakers have now employed eight Klutch Sports clients since LeBron James signed in 2019: James, Anthony Davis, Kentavious Caldwell-Pope, Talen Horton-Tucker, Dion Waiters, J.R. Smith, Montrezl Harrell and now Ben McLemore."
"[Fischer] NBA Executives Anticipate Houston Rockets 'Fire Sale' at the Trade Deadline: Victor Oladipo, P.J. Tucker, Danuel House Jr., Ben McLemore, Sterling Brown and Jae'Sean Tate"
"[Charania] The Houston Rockets are planning to waive swingman Ben McLemore, sources tell @TheAthletic @Stadium . Several contenders are expected to express interest in the sharpshooting wing."
[Trudell] Frank Vogel said Ben McLemore will be available tonight against the Heat. Andre Drummond will return from the toe injury. Kyle Kuzma is questionable with calf tightness and will be a game time decision.
"[Iko] In addition to P.J. Tucker, Ben McLemore drawing interest from a number of contenders ahead of the March 25 trade deadline, sources tell @TheAthletic ."
"The Houston Rockets roster for tonight: KPJ (2nd year), Mason Jones (rookie), Jae'Sean Tate (rookie), Justin Patton (effectively a rookie), KJ Martin Jr (rookie), Anthony Lamb (rookie), Sterling Brown (25 y/o), Ben McLemore (28 y/o)"
The lakers have signed Ben Mclemore to a contract foe the remainder of the season.
Lakers' Ben McLemore Involved In Car Crash Following Win Over Warriors
"[Scotto] Free agent guard Ben McLemore has agreed to a deal with the Portland Trail Blazers, @KlutchSports CEO Rich Paul told @hoopshype."
"Ben McLemore dunks over Shaq (seated) in one of the most incredible displays of athleticism ever displayed in the Dunk Contest. On the 7th day, God said ""Let there be Ben McLemore dunking over Shaq in the Dunk Contest"". And there was."
Why is Ben McLemore still in the league?
