"[Post Game Thread] The Charlotte Hornets (10-11) defeat the Miami Heat (7-13), 129-121 behind 36 points and 9 three pointers from Malik Monk."
"Malik Monk with career high 36pts, 11-18 FG 9-13 3PT in Charlotte win @ Miami"
"Hornet's Malik Monk in win tonight against the Heat: Career high 36 pts on a career high 9/13 from 3, 11-18 from the field, 5 reb, 2 ast"
"There’s a 3 point duel going on in the Hornets vs Heat game, and it’s not who you’d expect. Malik Monk (6/8 3pt) has 18 points and Max Strus (5/8 3pt) has 17 points. They’re leading their teams in scoring at the half."
Malik Monk explosion
"Malik Monk Career-High - 36 Pts, 9 Threes Full Highlights Miami Heat vs Charlotte Hornets｜2021.02.01"
Why has Malik Monk never gotten consistent minutes?
Malik Monk 3 Forces OT vs Heat! Jimmy Butler Misses Game Winner!
Is Malik Monk considered a bust?
Why don't the Hornets play Malik Monk?
Los Angeles Lakers MYSTERY Buyout Target! | Malik Monk is a Future Sixth Man For LeBron James!
[Post Game Thread] The Charlotte Hornets (10-11) defeat the Miami Heat (7-13) 129-121 OT behind 36 points (9/13 3PT) from Malik Monk and 24 points (6/12 3PT) from Devonte’ Graham
"Malik Monk has restored his value, what can Charlotte get for him?"
[Post Game Thread] The Charlotte Hornets (15-16) defeat the Phoenix Suns (20-11) 124-121 behind 29 points from Malik Monk and 20/4/8 from LaMelo Ball
"Malik Monk in February: 16 ppg. 46% FG. 48% 3pt. 28mpg. 12 games, with a 6-6 record"
"In the month of Feburary, Malik Monk is quietly one of the best bench scorers in the league."
"Since entering the rotation at the end of January, Malik Monk has been one of the best bench scorers in the league"
Is Malik Monk finally on the right track?
"Malik Monk is taking 4 3PA per game and hitting a insane 48%. Overall, he’s averaging 10/2/2 on 46/48/87"
The NBA need invite both Terrence Ferguson &amp; Malik Monk to the Dunk Contest.
"""It's amazing, it starts with Melo. He just brightens up the day man. Always saying something crazy, always saying something funny, so that just brings joy to everybody. He always have us laughing. It's always good to play happy"": Malik Monk on the Hornets energy level and the fun they're having."
Could Malik Monk develop into a poor man’s Klay Thompson?
The Hornets Emptying the Paint for Malik Monk (using actions to occupy the help and open up the weakside)
"Thad Young on his big dunk tonight: ""I had just talked with Malik [Monk.] He was like 'You don't have that in your game no more.' I said 'Look man, I'm from the south. Everybody from the south is athletic.' That's why I patted him on the butt after I dunked it."""
[The Ringer] Is Malik Monk an NBA Development Exception or a New Kind of Rule?
"[Hornets PR] Devonte’ Graham, LaMelo Ball, PJ Washington, Nate Darling, Gordon Hayward, and Malik Monk are out vs Brooklyn"
[Boone] James Borrego said LaMelo Ball and Malik Monk could do some live practicing on Thursday. Said that will be a good indicator of where each stands.
[Bontemps] The Hornets say both LaMelo Ball and Malik Monk are available to play tonight against Detroit.
[Wojnarowski] ESPN Sources: Charlotte guard Malik Monk -- out for a month with an ankle sprain -- is planning to make his return vs. Detroit tonight. LaMelo Ball -- out since March 20 with a fractured wrist -- will test that wrist pre-game before making final determination on playing tonight.
Malik Monk - “I just want to feel wanted”
"[Stein] The Hornets just announced that they have not tendered a qualifying offer to Malik Monk, making Monk an unrestricted free agent."
Malik Monk 36 pts 9 threes 5 rebs vs Heat 20/21 season
Malik Monk is a good prospect but that’s it.
Report: Andre Drummond and Malik Monk among names to watch for Miami Heat
"Malik Monk gets chills playing with LeBron, AD &amp; Russ"
"[Sylvander] Follow up on @AdamNBorai tweet… RE: potential FA targets: Malik Monk is intriguing to MIA due to value, age, upside, relationship w/ Bam &amp; shooting skill. I expect them to be pretty aggressive in pursuit if they revamp entire backcourt. Which is still unclear @5ReasonsSports"
"Not the greatest, but one of the most underrated dunks ever. Malik Monk with a double-clutch dunk vs. the Bulls"
"The Knicks' Evan Fournier scored 112 points in the Olympics. The Lakers' Wayne Ellington, Trevor Ariza, Dwight Howard, Carmelo Anthony, Malik Monk, Ken Bazemore and Kendrick Nunn scored 0 points combined."
"[Wojnarowski] Free agent G Malik Monk has agreed to a deal with the Los Angeles Lakers, source tells ESPN."
"The Lakers will spend $15M total on contracts of Malik Monk, Kendrick Nunn, Wayne Ellington, Carmelo Anthony, Kent Bazemore, Trevor Ariza, &amp; Dwight Howard. The Knicks are gonna pay Evan Fournier $19.5M per yr."
"Lakers Agree to Sign Carmelo Anthony, Kendrick Nunn, Malik Monk, and Talen Horton-Tucker"
"With Nothing but Vet Mins/MLE and a Dream, the Lakers were able to add Kendrick Nunn, Malik Monk, Dwight Howard, Trevor Ariza, Kent Bazemore and Wayne Ellington to create a insanely talented supporting cast to surround Westbrook, Lebron James, and Anthony Davis"
"[Boone] #Hornets are not extending a qualifying offer to Malik Monk, making him an unrestricted free agent, per league sources. Monk's time with Charlotte is done."
Malik Monk destination thoughts?
"[Wojnarowski] Free agent G Malik Monk has agreed to a deal with the Los Angeles Lakers, source tells ESPN."
[Discussion] KCP and Malik Monk are more similar than people realize
The Lakers Malik Monk pick up is very underrated because it looked like he was finally coming around as a scorer in Charlotte. It's a win-win for LA. If he continues what he started in Charlotte they have his bird rights and can keep him if he's a dud he's a vet minimum guy they can cut.
Malik Monk explains why he signed with Lakers in free agency
Film Study: What Malik Monk brings to the Lakers
MJ miss the first slap on Malik Monk then remember that he doesn't give up and hit Monk in the second try
Lakers’ Malik Monk explains excitement about playing alongside Anthony Davis
[Faigen] Updated injury report: Malik Monk (strained groin) and THT (thumb sprain) are OUT vs. the Suns.
Malik Monk | 36 pts 9 3's vs Heat 2/1/21
"[McMenamin] Frank Vogel says Kendrick Nunn is questionable, Malik Monk is probable and Wayne Ellington are out for the opener against GSW on Tuesday."
"[Faigen} Kendrick Nunn is a gametime decision, and Malik Monk is available, per Frank Vogel."
How is Malik Monk as a defender? Jovan Buha of The Athletic is already saying Bradley will be taking some of Monks minutes
"[ESPN Stats &amp; Info] The Lakers were outscored by 21 points in the 14 minutes Russell Westbrook and Carmelo Anthony shared the floor on Tuesday, tied for their worst point differential by any two-man combo in the loss. Westbrook and Malik Monk were also -21 in 12 minutes."
"""It was like a home game, I've never seen nothing like it before."" Malik Monk on the Laker fans in San Antonio, his big 3-pointer down the stretch and more."
[Highlight] LeBron James Coached Malik Monk on Sideline
[Highlight] Rondo tosses it up to Malik Monk for the (almost) dunk.
[Highlight] Malik Monk with a ferocious dunk
[Highlight] Malik Monk with a Deep Three
"Malik Monk, Kendrick Nunn, Wayne Ellington, Carmelo Anthony, Kent Bazemore, Trevor Ariza, and Dwight Howard combined for 28 points in the opener for the Lakers. Evan Fournier scored 32 in the opener for the Knicks."
How Malik Monk Is Preparing For His First Season With the Lakers
Jayson Tatum vs Malik Monk in High School | 76 pts combined
[Clip request] Malik Monk fastbreak dunk vs OKC
"[Trudell] Asked Malik Monk about the (very) loud Lakers fans in San Antonio: ""Like a home game!” he exclaimed. Said the only time he’s seen anything like it in the NBA is when the Lakers came to Charlotte."
[Serious] We need to talk about how the Lakers were able to get Malik Monk for the minimum
"[McMenamin] Anthony Davis on Malik Monk: “We’re still surprised we got him, to be honest.”"
"Malik Monk, Kendrick Nunn provide youthful injection to veteran Lakers in preseason opener"
Malik Monk finished with +31 in a 125-121 win.
"Malik Monk past 2 seasons 4 games vs HEAT: 26.5 PPG, 64.9 FG% Other 50 games: 9.2 PPG, 40.8 FG%"
Malik Monk against the Miami Heat: 27 points in 10-13 FG and 4-7 3 PT
[Medina] Malik Monk on his mindset: “I’m trying to kill everyone in front of me.”
"Malik Monk finishes with 27 PTS, 10/13 FG, 4/7 3PT, 6 REB, 3 AST with 16 PTS coming in the 4th quarter and OT"
[Clip Request] Lebron sprints to the other end of the court. Right before the Malik Monk turnover
[Highlight] Malik Monk beats the buzzer from halfcourt
"[Post Game Thread] The Los Angeles Lakers (7-5) defeat the Miami Heat (7-4) in OT, 120 - 117 | Malik Monk led the Lakers to the W with 27pts"
"Malik Monk, Kendrick Nunn, Wayne Ellington, Carmelo Anthony, Kent Bazemore, Trevor Ariza, and Dwight Howard combined for 28 points tonight against the Knicks. Evan Fournier scored 26 points tonight against the Lakers in the win."
What are the odds of Malik Monk dropping 40 tonight?
[Highlight] Double-clutch dunk from Malik Monk
What are the odds of Malik Monk dropping 40 tonight
[Highlight] Malik Monk hits the deeeeeeep halftime buzzer beater
